{
  "circles": [
    {
      "x": 134,
      "y": 138,
      "radius": 20,
      "amplitude": 8,
      "frequence": 1,
      "phase": 2.283925
    },
    {
      "x": 133,
      "y": 138,
      "radius": 20,
      "amplitude": 8,
      "frequence": 1,
      "phase": 2.2950100000000004
    },
    {
      "x": 133,
      "y": 137,
      "radius": 20,
      "amplitude": 8,
      "frequence": 1,
      "phase": 2.32504
    },
    {
      "x": 136,
      "y": 137,
      "radius": 20,
      "amplitude": 8,
      "frequence": 1,
      "phase": 2.339715
    },
    {
      "x": 144,
      "y": 137,
      "radius": 20,
      "amplitude": 8,
      "frequence": 1,
      "phase": 2.358525
    },
    {
      "x": 149,
      "y": 139,
      "radius": 20,
      "amplitude": 8,
      "frequence": 1,
      "phase": 2.37365
    },
    {
      "x": 154,
      "y": 148,
      "radius": 20,
      "amplitude": 8,
      "frequence": 1,
      "phase": 2.3895950000000004
    },
    {
      "x": 156,
      "y": 159,
      "radius": 20,
      "amplitude": 8,
      "frequence": 1,
      "phase": 2.406475
    },
    {
      "x": 156,
      "y": 173,
      "radius": 20,
      "amplitude": 8,
      "frequence": 1,
      "phase": 2.429695
    },
    {
      "x": 153,
      "y": 184,
      "radius": 20,
      "amplitude": 8,
      "frequence": 1,
      "phase": 2.44322
    },
    {
      "x": 144,
      "y": 190,
      "radius": 20,
      "amplitude": 8,
      "frequence": 1,
      "phase": 2.4612600000000002
    },
    {
      "x": 125,
      "y": 193,
      "radius": 20,
      "amplitude": 8,
      "frequence": 1,
      "phase": 2.475695
    },
    {
      "x": 109,
      "y": 186,
      "radius": 20,
      "amplitude": 8,
      "frequence": 1,
      "phase": 2.492385
    },
    {
      "x": 98,
      "y": 166,
      "radius": 20,
      "amplitude": 8,
      "frequence": 1,
      "phase": 2.50888
    },
    {
      "x": 96,
      "y": 125,
      "radius": 20,
      "amplitude": 8,
      "frequence": 1,
      "phase": 2.52652
    },
    {
      "x": 105,
      "y": 95,
      "radius": 20,
      "amplitude": 8,
      "frequence": 1,
      "phase": 2.5427000000000004
    },
    {
      "x": 128,
      "y": 78,
      "radius": 20,
      "amplitude": 8,
      "frequence": 1,
      "phase": 2.5604299999999998
    },
    {
      "x": 178,
      "y": 67,
      "radius": 20,
      "amplitude": 8,
      "frequence": 1,
      "phase": 2.5769900000000003
    },
    {
      "x": 225,
      "y": 71,
      "radius": 20,
      "amplitude": 8,
      "frequence": 1,
      "phase": 2.5974700000000004
    },
    {
      "x": 254,
      "y": 88,
      "radius": 20,
      "amplitude": 8,
      "frequence": 1,
      "phase": 2.61081
    },
    {
      "x": 270,
      "y": 104,
      "radius": 20,
      "amplitude": 8,
      "frequence": 1,
      "phase": 2.629235
    },
    {
      "x": 279,
      "y": 119,
      "radius": 20,
      "amplitude": 8,
      "frequence": 1,
      "phase": 2.6446799999999997
    },
    {
      "x": 280,
      "y": 134,
      "radius": 20,
      "amplitude": 8,
      "frequence": 1,
      "phase": 2.662125
    },
    {
      "x": 280,
      "y": 148,
      "radius": 20,
      "amplitude": 8,
      "frequence": 1,
      "phase": 2.6788049999999997
    },
    {
      "x": 273,
      "y": 163,
      "radius": 20,
      "amplitude": 8,
      "frequence": 1,
      "phase": 2.698305
    },
    {
      "x": 259,
      "y": 180,
      "radius": 20,
      "amplitude": 8,
      "frequence": 1,
      "phase": 2.7135599999999998
    },
    {
      "x": 248,
      "y": 187,
      "radius": 20,
      "amplitude": 8,
      "frequence": 1,
      "phase": 2.7323850000000003
    },
    {
      "x": 234,
      "y": 194,
      "radius": 20,
      "amplitude": 8,
      "frequence": 1,
      "phase": 2.748815
    },
    {
      "x": 221,
      "y": 196,
      "radius": 20,
      "amplitude": 8,
      "frequence": 1,
      "phase": 2.764725
    },
    {
      "x": 208,
      "y": 197,
      "radius": 20,
      "amplitude": 8,
      "frequence": 1,
      "phase": 2.7827100000000002
    },
    {
      "x": 201,
      "y": 196,
      "radius": 20,
      "amplitude": 8,
      "frequence": 1,
      "phase": 2.803605
    },
    {
      "x": 195,
      "y": 191,
      "radius": 20,
      "amplitude": 8,
      "frequence": 1,
      "phase": 2.8160250000000002
    },
    {
      "x": 193,
      "y": 186,
      "radius": 20,
      "amplitude": 8,
      "frequence": 1,
      "phase": 2.833695
    },
    {
      "x": 191,
      "y": 178,
      "radius": 20,
      "amplitude": 8,
      "frequence": 1,
      "phase": 2.8509
    },
    {
      "x": 191,
      "y": 174,
      "radius": 20,
      "amplitude": 8,
      "frequence": 1,
      "phase": 2.869015
    },
    {
      "x": 191,
      "y": 173,
      "radius": 20,
      "amplitude": 8,
      "frequence": 1,
      "phase": 2.89026
    }
  ]
}
